ts	phase	decision	why	evidence	result
2026-10-05T05:10:27Z	frame	Implement all seven gameplay areas with gentle care and optional generations	The user authorized the full comparison and main delivery	.audit/companion/plan.md	open
2026-10-05T05:13:35Z	design	Use one aggregate, compact life dialog, persisted shell rounds and explicit fixed-offset routine	Independent review agreed on atomic writes and rejected score submission and family truncation	.audit/companion/design-verdict.md	design selected
2026-10-05T05:13:35Z	baseline	Run complete existing Pages-base verify before changes	Capture existing behavior before extending care	/tmp/hamcrab-baseline.log	129 unit tests and 48 Chromium journeys passed
2026-10-05T05:23:36Z	integration	Seven new production journeys pass including offline inventory and family history	Verify each new gameplay group through real controls and storage	/tmp/hamcrab-companion-e2e.log	7 Chromium journeys passed
2026-10-05T05:23:36Z	compatibility	Use Linux CI to verify Firefox after unchanged baseline cannot launch it locally	Both headless and headed Firefox fail before application navigation on this Mac	/tmp/hamcrab-baseline-compat.log;/tmp/hamcrab-firefox-headed.log	local Firefox unavailable
2026-10-05T05:24:26Z	review	Fix fractional-time loop and reject legacy or impossible sleep data in current saves	Independent probes found a valid meter could stall time advancement and malformed saves could pass validation	tests/unit/life.test.ts;src/features/pet/domain/routine.ts;src/features/pet/adapters/saved-pet-schema.ts	148 unit tests pass
2026-10-05T05:24:26Z	policy	Preserve friendship points across generations and keep load read-only	Voluntary generations keep earned rewards; projection derives cues from saved timestamps without consuming rewards or issuing cross-tab writes	src/features/pet/domain/life-actions.ts;src/features/pet/application/pet-service.ts;docs/companion-life.md	explicit policy
2026-10-05T05:30:54Z	audit	Keep the decision trail in the repository for this full-life expansion	The user can review choices alongside code while screenshots and execution logs stay local	docs/companion-decisions.tsv;.audit/companion/review.md	independent review fixes rechecked
2026-10-05T05:31:48Z	regression	Update old journey fixtures for favorite bonuses, five-round rewards and an explicit shared clock	Old direct-Play assertions and resetting the test clock no longer represented the new behavior	tests/e2e/pet.steps.ts;tests/e2e/food.steps.ts;tests/e2e/friendship.steps.ts;tests/e2e/name.feature	corrected journeys passing in full rerun
2026-10-05T05:33:16Z	verification	148 unit and 70 browser tests pass; all 55 production journeys pass across the full run and adult-form recheck	An existing 100ms clock-pause race failed one journey; move the pause beyond normal transport delay and rerun all adult forms	/tmp/hamcrab-verify-final.log;/tmp/hamcrab-variants-recheck.log	55 journeys covered; final full rerun and CI next
